﻿<?xml version="1.0" encoding="utf-8"?>
<Config>
  <Options>
    <ExtsForSearch />
    <SelExtsForSearch value=".smali|.xml|.html|.htm|.txt" />
    <SkinName value="Skin\aero.she" />
    <SkinAreo value="True" />
    <SkinEnabled value="True" />
    <Language value="简体中文.xml" />
  </Options>
  <SDK>
    <JavaSDK value="C:\Program Files\Java\jdk1.8.0_20" />
    <JVMOptions />
    <AndroidSDK />
  </SDK>
  <ApkSignTool>
    <UseJarsigner value="False" />
    <KeystoreFile value="D:\开发工具\ApkIDE\Appres\test.keystore" />
    <KeystorePassword value="QsZy5UIkyHku6mzcrmFNHQ==" />
    <KeyAlias value="apkide" />
    <KeyPassword value="QsZy5UIkyHku6mzcrmFNHQ==" />
  </ApkSignTool>
  <RecentApks>
    <RecentApk0 value="D:\YeeKoo\Road Trap\Road Trap.apk" />
  </RecentApks>
  <OnlineTranslation>
    <Enabled value="False" />
    <RealTimeEnabled value="False" />
    <TranslateFrom value="en" />
    <TranslateTo value="zh-CH" />
  </OnlineTranslation>
  <SearchAndReplaceLog>
    <SearchLog>
      <Search0 value="LG Health" />
      <Search1 value="LG健康" />
      <Search2 value="LG" />
      <Search3 value="Yeekoo" />
      <Search4 value="2131427448" />
      <Search5 value="无法打开摄像头闪光灯" />
      <Search6 value="can_not_open_flash_light" />
      <Search7 value="7f060032" />
      <Search8 value="MainActivity" />
      <Search9 value="Featured" />
      <Search10 value="storeApi2" />
      <Search11 value="featured" />
      <Search12 value="main" />
      <Search13 value="EditText" />
      <Search14 value="shareDialog" />
      <Search15 value="android.intent.action.SEND" />
      <Search16 value="me/gaoshou/money/webview/WebViewActivity" />
    </SearchLog>
    <ReplaceLog>
      <Replace0 value="Yeekoo Health" />
      <Replace1 value="Yeekoo健康" />
      <Replace2 value="Yeekoo" />
      <Replace3 value="LG" />
    </ReplaceLog>
  </SearchAndReplaceLog>
  <RegularExpression>
    <Item0>
      <Desc value="All strings" />
      <Content value="&quot;((\&quot;)|[^\r\n\&quot;])+&quot;" />
    </Item0>
    <Item1>
      <Desc value="All strings With Unicode" />
      <Content value="\\u[0-9a-fA-F].+\w" />
    </Item1>
    <Item2>
      <Desc value="All strings Without Unicode" />
      <Content value="&quot;((\&quot;)|[^\r\n&quot;\\\&quot;])+&quot;" />
    </Item2>
    <Item3>
      <Desc value="Chinese Characters" />
      <Content value="[\u4e00-\u9fff]+" />
    </Item3>
    <Item4>
      <Desc value="Double-byte Characters" />
      <Content value="[^\x00-\xff]+" />
    </Item4>
    <Item5>
      <Desc value="Web Address" />
      <Content value="(http|ftp|https):\/\/[\w\-_]+(\.[\w\-_]+)+([\w\-\.,@?^=%&amp;amp;:/~\+#]*[\w\-\@?^=%&amp;amp;/~\+#])?" />
    </Item5>
    <Item6>
      <Desc value="EMail Address" />
      <Content value="\w+([-+.']\w+)*@\w+([-.]\w+)*\.\w+([-.]\w+)*" />
    </Item6>
    <Item7>
      <Desc value="IP Address" />
      <Content value="^(25[0-5]|2[0-4][0-9]|[0-1]{1}[0-9]{2}|[1-9]{1}[0-9]{1}|[1-9])\.(25[0-5]|2[0-4][0-9]|[0-1]{1}[0-9]{2}|[1-9]{1}[0-9]{1}|[1-9]|0)\.(25[0-5]|2[0-4][0-9]|[0-1]{1}[0-9]{2}|[1-9]{1}[0-9]{1}|[1-9]|0)\.(25[0-5]|2[0-4][0-9]|[0-1]{1}[0-9]{2}|[1-9]{1}[0-9]{1}|[0-9])$" />
    </Item7>
  </RegularExpression>
  <OtherOptions>
    <JavaDecompilerUseJad value="False" />
    <ApkToolVersion value="2" />
    <LastDeviceWifiIP />
  </OtherOptions>
</Config>